day,topic,title,page,heading_looks_like_instruction,overview_fallback,technical_fallback,technical_shared_template,scenario_shared_template,scenario_brightloaf_placeholder,lab_shared_worksheet,lab_says_no_cloud_needed,lab_has_commands,lab_has_copyable_blocks,publisher_deep_link_verified,source_urls
1,1,Local workspace and evidence repository,days/day-001.html,False,False,False,False,False,False,False,False,False,True,False,
1,2,Study sessions and learning baseline,days/day-001.html,False,False,False,False,False,False,False,False,False,True,False,
1,3,"Synthetic data, budget and cleanup ownership",days/day-001.html,False,False,False,False,False,False,False,False,False,True,False,
2,1,OSI and TCP/IP layer models,days/day-002.html,False,False,False,False,False,False,False,False,True,True,False,https://www.rfc-editor.org/rfc/rfc791 | https://www.rfc-editor.org/rfc/rfc9293
2,2,"IPv4 addressing, private ranges, ARP/NDP and CIDR subnetting",days/day-002.html,False,False,False,False,False,False,False,False,True,True,False,https://www.rfc-editor.org/rfc/rfc1918 | https://www.rfc-editor.org/rfc/rfc826 | https://www.rfc-editor.org/rfc/rfc4632
2,3,Packet path from NIC to application socket,days/day-002.html,False,False,False,False,False,False,False,False,True,True,False,https://docs.kernel.org/networking/napi.html
3,1,IPv6 addressing and scope,days/day-003.html,False,False,False,False,False,False,False,False,True,True,False,
3,2,"DNS records, TTL and resolver roles",days/day-003.html,False,False,False,False,False,False,False,False,True,True,False,
3,3,"TCP and UDP, ports, connection states and buffers",days/day-003.html,False,False,False,False,False,False,False,False,True,True,False,
4,1,"HTTP/HTTPS, status codes and HTTP versions",days/day-004.html,False,False,False,False,False,False,False,False,False,True,False,
4,2,TLS 1.3 handshake and certificate identity,days/day-004.html,False,False,False,False,False,False,False,False,False,True,False,
4,3,MTU and MSS clamping,days/day-004.html,False,False,False,False,False,False,False,False,True,True,False,
4,4,SNAT and DNAT at a network boundary,days/day-004.html,False,False,False,False,False,False,False,False,False,True,False,
4,5,"Static routes, dynamic routes and BGP",days/day-004.html,False,False,False,False,False,False,False,False,True,True,False,
5,1,VPN concepts,days/day-005.html,False,False,False,False,False,False,False,False,False,True,False,
5,2,Load balancing concepts,days/day-005.html,False,False,False,False,False,False,False,False,False,True,False,
5,3,Firewalls,days/day-005.html,False,False,False,False,False,False,False,False,False,True,False,
6,1,"Kernel, user space, files and permissions",days/day-006.html,False,False,False,False,False,False,False,False,True,True,False,
6,2,"Processes, streams, signals and services",days/day-006.html,False,False,False,False,False,False,False,False,True,True,False,
7,1,SSH,days/day-007.html,False,False,False,False,False,False,False,False,True,True,False,
7,2,"Package managers (apt, yum/dnf)",days/day-007.html,False,False,False,False,False,False,False,False,True,True,False,
7,3,Shell scripting,days/day-007.html,False,False,False,False,False,False,False,False,True,True,False,
7,4,/proc virtual filesystem and process trees,days/day-007.html,False,False,False,False,False,False,False,False,True,True,False,
8,1,"CPU scheduling and waiting, context switching, virtual memory, page faults, RAM/page…",days/day-008.html,False,False,False,False,False,False,False,False,True,True,False,
8,2,Grep/sed/awk/jq and curl/dig/ss/tcpdump as diagnostic tools,days/day-008.html,False,False,False,False,False,False,False,False,True,True,False,
9,1,Hypervisors and virtual machines,days/day-009.html,False,False,False,False,False,False,False,False,False,True,False,
9,2,"Container isolation: namespaces, cgroups, seccomp and capabilities",days/day-009.html,False,False,False,False,False,False,False,False,True,True,False,
10,1,"Docker: images, layers, Dockerfile, registries, mounts, inodes, volumes, POSIX filesystem sync/fsync semantics",days/day-010.html,False,False,False,False,False,False,False,False,True,True,False,
10,2,Container orchestration: why Kubernetes exists,days/day-010.html,False,False,False,False,False,False,False,False,True,True,False,
10,3,"Kubernetes core objects: Pod, Deployment, Service, Ingress, ConfigMap, Secret",days/day-010.html,False,False,False,False,False,False,False,False,True,True,False,
11,1,"IaaS, PaaS, FaaS, SaaS, and where GCP services fall",days/day-011.html,False,False,False,False,False,False,False,False,True,True,False,
11,2,Shared responsibility model (what Google secures vs what you secure),days/day-011.html,False,False,False,False,False,False,False,False,True,True,False,
12,1,"Regions, zones, multi-region and edge locations",days/day-012.html,False,False,False,True,True,False,False,False,False,True,False,
12,2,Elasticity versus scalability; vertical versus horizontal scaling,days/day-012.html,False,False,False,True,True,False,False,False,False,True,False,
12,3,"CapEx, OpEx and pay-as-you-go economics",days/day-012.html,False,False,False,True,True,False,False,False,False,True,False,
13,1,"High availability, fault tolerance, and disaster recovery",days/day-013.html,False,False,False,True,True,False,False,False,False,True,False,
13,2,Stateless and stateful applications,days/day-013.html,False,False,False,True,True,False,False,False,False,True,False,
14,1,"Git fundamentals (branch, merge, PR)",days/day-014.html,False,False,False,True,True,False,False,False,False,True,False,
14,2,REST APIs and JSON,days/day-014.html,False,False,False,True,True,False,False,False,False,True,False,
15,1,Basic Python or Bash from an annotated example,days/day-015.html,False,False,False,True,True,False,False,False,False,True,False,
15,2,"Request validation, REST/JSON, request IDs and structured logs",days/day-015.html,False,False,False,True,True,False,False,False,False,True,False,
16,1,"Relational tables, primary/foreign keys, normalization, SELECT/JOIN/GROUP BY and transactions",days/day-016.html,False,False,False,True,True,False,False,False,False,True,False,
16,2,Transaction isolation anomalies and Cloud Digital Leader business framing,days/day-016.html,False,False,False,True,True,False,False,False,False,True,False,
17,1,Prerequisite review and remediation,days/day-017.html,False,False,False,True,True,False,False,False,False,True,False,
17,2,Use the matching gate criteria in the Gates section,days/day-017.html,False,False,False,True,True,False,False,False,False,True,False,
18,1,Google Cloud accounts and the Free Trial,days/day-018.html,False,False,False,False,False,False,False,False,False,True,False,
18,2,Google Cloud Free Tier and monthly limits,days/day-018.html,False,False,False,False,False,False,False,False,False,True,False,
18,3,Google Cloud Console navigation and project selection,days/day-018.html,False,False,False,False,False,False,False,False,False,True,False,
19,1,"Cloud Shell architecture, persistent storage, and ephemeral runtime",days/day-019.html,False,False,False,True,True,False,False,False,False,True,False,
19,2,"Local gcloud installation, core properties, and named configuration profiles",days/day-019.html,False,False,False,True,True,False,False,False,False,True,False,
19,3,"Specialized cloud tooling: gcloud storage vs gsutil, BigQuery CLI, and kubectl",days/day-019.html,False,False,False,True,True,False,False,False,False,True,False,
20,1,"API enablement, client libraries, and asynchronous operation polling",days/day-020.html,False,False,False,True,True,False,False,False,False,True,False,
20,2,Local software emulators and four-service behavioral boundaries,days/day-020.html,False,False,False,True,True,False,False,False,False,True,False,
21,1,Organization node and Cloud Identity domain binding,days/day-021.html,False,False,False,True,True,False,False,False,False,True,False,
21,2,Folders and multi-environment hierarchy segregation,days/day-021.html,False,False,False,True,True,False,False,False,False,True,False,
21,3,Projects: Project ID vs. project name vs. project number,days/day-021.html,False,False,False,True,True,False,False,False,False,True,False,
22,1,Resources and additive IAM inheritance,days/day-022.html,False,False,False,True,True,False,False,False,False,True,False,https://cloud.google.com/iam/docs/resource-hierarchy-access-control | https://cloud.google.com/iam/docs/understanding-roles
22,2,Labels vs. tags vs. network tags,days/day-022.html,False,False,False,True,True,False,False,False,False,True,False,https://cloud.google.com/resource-manager/docs/tags/tags-overview | https://cloud.google.com/resource-manager/docs/creating-managing-labels | https://cloud.google.com/vpc/docs/add-remove-network-tags
23,1,"Project lifecycle: creation, shutdown, and the 30-day recovery window",days/day-023.html,False,False,False,True,True,False,False,False,False,True,False,https://cloud.google.com/resource-manager/docs/creating-managing-projects#shutting_down_projects
23,2,Designing a hierarchy for prod/staging/dev and multi-team companies,days/day-023.html,False,False,False,True,True,False,False,False,False,True,False,https://cloud.google.com/docs/enterprise/best-practices-for-enterprise-organizations
23,3,Organization Policy Service: centralized guardrails overriding IAM,days/day-023.html,False,False,False,True,True,False,False,False,False,True,False,https://cloud.google.com/resource-manager/docs/organization-policy/overview | https://cloud.google.com/resource-manager/docs/organization-policy/org-policy-constraints
24,1,Cloud Identity vs. Google Workspace vs. consumer Google accounts,days/day-024.html,False,False,False,True,True,False,False,False,False,True,False,https://cloud.google.com/docs/enterprise/best-practices-for-enterprise-organizations
24,2,"Principals: Google account, group, service account, domain, allAuthenticatedUsers, allUsers",days/day-024.html,False,False,False,True,True,False,False,False,False,True,False,https://cloud.google.com/iam/docs/overview | https://cloud.google.com/iam/docs/principals-overview | https://cloud.google.com/iam/docs/service-accounts
24,3,Why groups (not individual users) should receive roles,days/day-024.html,False,False,False,True,True,False,False,False,False,True,False,https://cloud.google.com/docs/enterprise/best-practices-for-enterprise-organizations | https://cloud.google.com/iam/docs/understanding-roles
31,1,Google's private global network and edge points of presence,days/day-031.html,False,False,False,True,True,False,False,False,False,False,False,https://docs.cloud.google.com/network-tiers/docs/overview#traffic_routing | https://docs.cloud.google.com/vpc/docs/edge-locations
31,2,Network Service Tiers (Premium vs Standard),days/day-031.html,False,False,False,True,True,False,False,False,False,False,False,https://docs.cloud.google.com/network-tiers/docs/overview#network_service_tiers_and_google_cloud_resources | https://docs.cloud.google.com/network-tiers/docs/overview#choosing_a_tier | https://cloud.google.com/network-tiers/pricing#pricing
31,3,Service availability differs by region (always check),days/day-031.html,False,False,False,True,True,False,False,False,False,False,False,https://cloud.google.com/about/locations/#lightbox-regions-map | https://docs.cloud.google.com/compute/docs/regions-zones#resource_availability | https://docs.cloud.google.com/compute/docs/regions-zones/global-regional-zonal-resources#resource_scopes
32,1,"Operational evidence, escalation and the maintained learning tracker",days/day-032.html,False,False,False,True,True,False,False,False,False,True,False,https://docs.cloud.google.com/support/docs/overview#compare_support_services | https://docs.cloud.google.com/support/docs/customer-care-procedures#support_case_priority | https://docs.cloud.google.com/asset-inventory/docs/asset-inventory-overview#work_with_assets_in_google_cloud | https://docs.cloud.google.com/service-health/docs/incident-communication#where-to-look | https://cloud.google.com/learn/certification/guides/professional-cloud-architect#section-1 | https://cloud.google.com/learn/training/cloud-infrastructure#cloud-architect-learning-path
33,1,"SLA versus SLO, launch stage, deprecation notices and service lifecycle",days/day-033.html,False,False,False,True,True,False,False,False,False,False,False,https://cloud.google.com/products#product-launch-stages | https://cloud.google.com/terms/deprecation | https://docs.cloud.google.com/architecture/framework/operational-excellence/operational-readiness-and-performance-using-cloudops#define-slos-slas
33,2,Review the hierarchy and budget artifacts already created,days/day-033.html,False,False,False,True,True,False,False,False,False,False,False,https://docs.cloud.google.com/resource-manager/docs/cloud-platform-resource-hierarchy#resource-hierarchy-detail | https://docs.cloud.google.com/resource-manager/docs/labels-overview#common_uses_of_labels | https://docs.cloud.google.com/asset-inventory/docs/asset-inventory-overview#work_with_assets_in_google_cloud
34,1,"Control plane, data plane, async operations, and desired vs observed state",days/day-034.html,False,False,False,True,True,False,False,False,False,False,False,https://cloud.google.com/compute/docs/api/how-tos/api-requests-responses#handling_api_responses | https://cloud.google.com/iam/docs/access-change-propagation
34,2,"gcloud VM lifecycle: create, inventory, and delete with error classification",days/day-034.html,False,False,False,True,True,False,False,False,False,True,False,https://cloud.google.com/sdk/gcloud/reference/compute/instances/create | https://cloud.google.com/compute/docs/instances/create-start-instance
35,1,Prerequisite review and remediation (Days 18–34),days/day-035.html,False,False,False,True,True,False,False,False,False,False,False,
35,2,Gate 2 scored criteria and self-assessment,days/day-035.html,False,False,False,True,True,False,False,False,False,False,False,
36,1,"Machine families: general-purpose, compute-optimized, memory-optimized, HPC, accelerator",days/day-036.html,False,False,False,True,True,False,False,False,False,False,False,https://cloud.google.com/compute/docs/machine-resource
36,2,Custom machine types and extended memory,days/day-036.html,False,False,False,True,True,False,False,False,False,False,False,https://cloud.google.com/compute/docs/general-purpose-machines#custom_machine_types
36,3,Shared-core vs standard machine types,days/day-036.html,False,False,False,True,True,False,False,False,False,False,False,https://cloud.google.com/compute/docs/general-purpose-machines#e2_limitations
36,4,"Boot disks, images (public, custom, image families), snapshots and machine images",days/day-036.html,False,False,False,True,True,False,False,False,False,True,False,https://cloud.google.com/compute/docs/images | https://cloud.google.com/compute/docs/machine-images
37,1,"Persistent Disk types (standard, balanced, SSD, extreme), Hyperdisk, Local SSD (ephemeral)",days/day-037.html,False,False,False,True,True,False,False,False,False,True,False,https://cloud.google.com/compute/docs/disks | https://cloud.google.com/compute/docs/disks/hyperdisks
37,2,Zonal vs regional persistent disks,days/day-037.html,False,False,False,True,True,False,False,False,False,True,False,https://cloud.google.com/compute/docs/disks/regional-persistent-disk
37,3,Startup scripts and metadata server,days/day-037.html,False,False,False,True,True,False,False,False,False,True,False,https://cloud.google.com/compute/docs/metadata/overview | https://cloud.google.com/compute/docs/instances/startup-scripts/linux
38,1,Instance templates and Managed Instance Groups (MIGs),days/day-038.html,False,False,False,True,True,False,False,False,False,True,False,https://cloud.google.com/compute/docs/instance-groups
38,2,Zonal vs regional MIGs,days/day-038.html,False,False,False,True,True,False,False,False,False,True,False,https://cloud.google.com/compute/docs/instance-groups/regional-migs
38,3,"Autoscaling policies (CPU, load balancing utilization, custom metrics, schedules)",days/day-038.html,False,False,False,True,True,False,False,False,False,True,False,https://cloud.google.com/compute/docs/autoscaler
39,1,Autohealing with health checks,days/day-039.html,False,False,False,True,True,False,False,False,False,True,False,https://cloud.google.com/compute/docs/instance-groups/autohealing-instances-in-migs
39,2,"Rolling updates: max surge, max unavailable, canary rollouts",days/day-039.html,False,False,False,True,True,False,False,False,False,True,False,https://cloud.google.com/compute/docs/instance-groups/rolling-out-updates-to-managed-instance-groups
39,3,Stateful MIGs,days/day-039.html,False,False,False,True,True,False,False,False,False,True,False,https://cloud.google.com/compute/docs/instance-groups/stateful-migs
39,4,Unmanaged instance groups,days/day-039.html,False,False,False,True,True,False,False,False,False,True,False,https://cloud.google.com/compute/docs/instance-groups/creating-groups-of-unmanaged-instances
40,1,Preemptible/Spot workload fit and interruption handling,days/day-040.html,False,False,False,True,True,False,False,False,False,True,False,https://cloud.google.com/compute/docs/instances/spot
40,2,Sole-tenant nodes and licensing (BYOL),days/day-040.html,False,False,False,True,True,False,False,False,False,True,False,https://cloud.google.com/compute/docs/nodes/sole-tenant-nodes
40,3,Shielded VMs and Confidential VMs,days/day-040.html,False,False,False,True,True,False,False,False,False,True,False,https://cloud.google.com/compute/docs/shielded-vm/features | https://cloud.google.com/confidential-computing/confidential-vm/docs/about-cvm
40,4,OS Login and SSH key management,days/day-040.html,False,False,False,True,True,False,False,False,False,True,False,https://cloud.google.com/compute/docs/oslogin
41,1,"VM Manager (patching, inventory, OS config)",days/day-041.html,False,False,False,True,True,False,False,False,False,True,False,https://cloud.google.com/compute/docs/manage-os
41,2,Live migration and maintenance policies (migrate vs terminate),days/day-041.html,False,False,False,True,True,False,False,False,False,True,False,https://cloud.google.com/compute/docs/instances/live-migration-process
41,3,"Sustained use discounts, committed use discounts, rightsizing recommendations",days/day-041.html,False,False,False,True,True,False,False,False,False,True,False,https://cloud.google.com/compute/docs/cuds | https://cloud.google.com/recommender/docs/recommenders
42,1,"Kubernetes architecture: control plane, nodes, etcd, kubelet, kube-proxy",days/day-042.html,False,False,False,True,True,False,False,False,False,True,False,https://kubernetes.io/docs/concepts/overview/components/
42,2,Autopilot vs Standard mode (when to choose each),days/day-042.html,False,False,False,True,True,False,False,False,False,False,False,https://cloud.google.com/kubernetes-engine/docs/concepts/autopilot-overview
42,3,Zonal vs regional clusters (regional for HA control plane),days/day-042.html,False,False,False,True,True,False,False,False,False,True,False,https://cloud.google.com/kubernetes-engine/docs/concepts/regional-clusters
43,1,"Node pools, requests/limits, scheduling, taints/tolerations, HPA/VPA and node autoscaling",days/day-043.html,False,False,False,True,True,False,False,False,False,True,False,https://cloud.google.com/kubernetes-engine/docs/concepts/cluster-autoscaler
43,2,Kubernetes RBAC versus IAM,days/day-043.html,False,False,False,True,True,False,False,False,False,True,False,https://cloud.google.com/kubernetes-engine/docs/how-to/role-based-access-control
43,3,Workload controller selection and routing abstractions,days/day-043.html,False,False,False,True,True,False,False,False,False,True,False,https://cloud.google.com/kubernetes-engine/docs/concepts/horizontalpodautoscaler
44,1,Container-native load balancing (NEGs),days/day-044.html,False,False,False,True,True,False,False,False,False,True,False,https://docs.cloud.google.com/kubernetes-engine/docs/concepts/container-native-load-balancing
44,2,"VPC-native clusters, alias IPs, private clusters, authorized networks",days/day-044.html,False,False,False,True,True,False,False,False,False,True,False,https://docs.cloud.google.com/kubernetes-engine/docs/concepts/alias-ips
44,3,Storage,days/day-044.html,False,False,False,True,True,False,False,False,False,True,False,https://docs.cloud.google.com/kubernetes-engine/docs/concepts/persistent-volumes
45,1,Config and secrets,days/day-045.html,False,False,False,True,True,False,False,False,False,True,False,https://docs.cloud.google.com/kubernetes-engine/docs/concepts/secret-manager
45,2,Workload Identity Federation for GKE,days/day-045.html,False,False,False,True,True,False,False,False,False,True,False,https://docs.cloud.google.com/kubernetes-engine/docs/concepts/workload-identity
45,3,Network Policies and Dataplane V2,days/day-045.html,False,False,False,True,True,False,False,False,False,True,False,https://docs.cloud.google.com/kubernetes-engine/docs/concepts/dataplane-v2
45,4,"Release channels and upgrade strategies (surge upgrades, maintenance windows)",days/day-045.html,False,False,False,True,True,False,False,False,False,True,False,https://docs.cloud.google.com/kubernetes-engine/docs/concepts/cluster-upgrades
45,5,Startup vs readiness vs liveness probes,days/day-045.html,False,False,False,True,True,False,False,False,False,True,False,https://kubernetes.io/docs/tasks/configure-pod-container/configure-liveness-readiness-startup-probes/
45,6,"Troubleshoot CrashLoopBackOff and OOMKilled using kubectl describe, logs, events and…",days/day-045.html,False,False,False,True,True,False,False,False,False,True,False,https://kubernetes.io/docs/tasks/debug/debug-application/
46,1,"Fleet/Enterprise concepts, Connect Gateway, Config Sync, Policy Controller and multi-cluster service boundaries",days/day-046.html,False,False,False,True,True,False,False,False,False,True,False,
46,2,Evaluate cost and operational overhead of service-mesh vs. direct communication,days/day-046.html,False,False,False,True,True,False,False,False,False,True,False,
47,1,"Cloud Run: services vs jobs, revisions, traffic splitting, concurrency, scaling and VPC networking",days/day-047.html,False,False,False,True,True,False,False,False,False,True,False,
47,2,"Cloud Run functions (Cloud Functions): event-driven triggers, gen1 vs gen2, cold starts and timeouts",days/day-047.html,False,False,False,True,True,False,False,False,False,True,False,
48,1,"App Engine: Standard vs Flexible, services and versions, traffic splitting and modern alternatives",days/day-048.html,False,False,False,True,True,False,False,False,False,True,False,
48,2,"Eventarc, Cloud Scheduler, Cloud Tasks, and Cloud Workflows: serverless orchestration primitives",days/day-048.html,False,False,False,True,True,False,False,False,False,True,False,
48,3,"Choosing between Compute Engine, GKE, Cloud Run, Cloud Run Functions, and App Engine",days/day-048.html,False,False,False,True,True,False,False,False,False,True,False,
49,1,VPC as a global resource: Andromeda SDN and cross-region private backbones,days/day-049.html,False,False,False,True,True,False,False,False,False,True,False,
49,2,"Subnets as regional resources: zonal spanning, MTU configurations and IP boundaries",days/day-049.html,False,False,False,True,True,False,False,False,False,True,False,
49,3,Auto mode vs custom mode VPCs and controlled enterprise IP planning,days/day-049.html,False,False,False,True,True,False,False,False,False,True,False,
49,4,"Subnet IP ranges, secondary ranges for GKE pods and services, and non-disruptive range expansion",days/day-049.html,False,False,False,True,True,False,False,False,False,True,False,
49,5,"Routes: system-generated, custom static, dynamic BGP routing, and route selection priority",days/day-049.html,False,False,False,True,True,False,False,False,False,True,False,
50,1,"Firewall rules: direction, priority, targets, implied rules, and audit logging",days/day-050.html,False,False,False,True,True,False,False,False,False,True,False,
50,2,Hierarchical firewall policies and network firewall policies: organizational governance,days/day-050.html,False,False,False,True,True,False,False,False,False,True,False,
50,3,External vs. internal IP addresses: public boundaries and network service tiers,days/day-050.html,False,False,False,True,True,False,False,False,False,True,False,
50,4,Ephemeral vs. static IP addresses: lifecycle mechanics and cost governance,days/day-050.html,False,False,False,True,True,False,False,False,False,True,False,
50,5,"Reserved addresses: internal reservations, Anycast VIPs, and subnet reserved ranges",days/day-050.html,False,False,False,True,True,False,False,False,False,True,False,
50,6,Private Google Access and Private Service Connect: secure private API consumption,days/day-050.html,False,False,False,True,True,False,False,False,False,True,False,
51,1,"Private services access (PSA) vs Private Service Connect (PSC endpoints, PSC service attachments, PSC interfaces)",days/day-051.html,False,False,False,True,True,False,False,False,False,True,False,https://docs.cloud.google.com/vpc/docs/private-service-connect
51,2,"VPC Network Peering (non-transitive, no overlapping ranges)",days/day-051.html,False,False,False,True,True,False,False,False,False,True,False,https://docs.cloud.google.com/vpc/docs/vpc-peering
51,3,"Shared VPC (host and service projects, the enterprise landing zone baseline)",days/day-051.html,False,False,False,True,True,False,False,False,False,True,False,https://docs.cloud.google.com/vpc/docs/shared-vpc
51,4,"Cloud NAT (Private NAT, gateway endpoints; no inbound)",days/day-051.html,False,False,False,True,True,False,False,False,False,True,False,https://docs.cloud.google.com/nat/docs/overview
52,1,"Cloud DNS (public and private zones, forwarding, peering zones, DNSSEC, response policies)",days/day-052.html,False,False,False,True,True,False,False,False,False,True,False,https://docs.cloud.google.com/dns/docs/overview
52,2,"Network Connectivity Center (NCC as enterprise transit hub connecting VPC spokes, hybrid links, and SD-WAN router appliances)",days/day-052.html,False,False,False,True,True,False,False,False,False,True,False,https://docs.cloud.google.com/network-connectivity/docs/network-connectivity-center/concepts/overview
52,3,"VPC Flow Logs, Firewall Rules Logging, Packet Mirroring",days/day-052.html,False,False,False,True,True,False,False,False,False,True,False,https://docs.cloud.google.com/vpc/docs/flow-logs
52,4,"Network Intelligence Center (Connectivity Tests, Network Topology, Performance Dashboard)",days/day-052.html,False,False,False,True,True,False,False,False,False,True,False,https://docs.cloud.google.com/network-intelligence-center/docs/connectivity-tests/concepts/overview
53,1,"Load balancer taxonomy: global vs regional, external vs internal, proxy vs passthrough, L4 vs L7",days/day-053.html,False,False,False,True,True,False,False,False,False,True,False,https://docs.cloud.google.com/load-balancing/docs/load-balancing-overview
53,2,"Global external Application Load Balancer (HTTP/S): URL maps, backend services, backend buckets, host and path rules",days/day-053.html,False,False,False,True,True,False,False,False,False,True,False,https://docs.cloud.google.com/load-balancing/docs/https
53,3,Regional external and internal Application Load Balancers,days/day-053.html,False,False,False,True,True,False,False,False,False,True,False,https://docs.cloud.google.com/load-balancing/docs/l7-internal
53,4,External and internal proxy Network Load Balancers (TCP/SSL proxy),days/day-053.html,False,False,False,True,True,False,False,False,False,True,False,https://docs.cloud.google.com/load-balancing/docs/tcp
54,1,Passthrough Network Load Balancers (external and internal),days/day-054.html,False,False,False,True,True,False,False,False,False,True,False,https://docs.cloud.google.com/load-balancing/docs/net
54,2,"Health checks (protocols, intervals, thresholds; firewall rules needed for health check ranges)",days/day-054.html,False,False,False,True,True,False,False,False,False,True,False,https://docs.cloud.google.com/load-balancing/docs/health-checks
54,3,"Session affinity, connection draining, timeouts",days/day-054.html,False,False,False,True,True,False,False,False,False,True,False,https://docs.cloud.google.com/load-balancing/docs/enabling-connection-draining
54,4,"SSL certificates: Google-managed, self-managed, Certificate Manager, SSL policies",days/day-054.html,False,False,False,True,True,False,False,False,False,True,False,https://docs.cloud.google.com/certificate-manager/docs/overview
55,1,"Cloud CDN (cache modes, cache keys, invalidation, signed URLs)",days/day-055.html,False,False,False,True,True,False,False,False,False,True,False,https://docs.cloud.google.com/cdn/docs/overview
55,2,"Cloud Armor (WAF rules, rate limiting, geo and IP allow/deny lists, adaptive protection)",days/day-055.html,False,False,False,True,True,False,False,False,False,True,False,https://docs.cloud.google.com/armor/docs/overview
55,3,"Traffic management (weighted traffic splitting, header-based routing, cross-region failover)",days/day-055.html,False,False,False,True,True,False,False,False,False,True,False,https://docs.cloud.google.com/load-balancing/docs/choosing-load-balancer
55,4,Choosing the right load balancer (decision tree in cheat sheets),days/day-055.html,False,False,False,True,True,False,False,False,False,True,False,https://docs.cloud.google.com/load-balancing/docs/load-balancing-overview#decision-tree
56,1,"Cloud VPN (Classic vs HA VPN, 99.99% SLA topology)",days/day-056.html,False,False,False,True,True,False,False,False,False,True,False,https://docs.cloud.google.com/network-connectivity/docs/vpn/concepts/overview
56,2,"Cloud Interconnect (Dedicated vs Partner, MACsec, 10G/100G circuits)",days/day-056.html,False,False,False,True,True,False,False,False,False,True,False,https://docs.cloud.google.com/network-connectivity/docs/interconnect/concepts/overview
56,3,Cross-Cloud Interconnect (AWS/Azure direct multi-cloud links),days/day-056.html,False,False,False,True,True,False,False,False,False,True,False,https://docs.cloud.google.com/network-connectivity/docs/interconnect/concepts/cross-cloud-overview
56,4,Network Connectivity Center (NCC) router spoke integration,days/day-056.html,False,False,False,True,True,False,False,False,False,True,False,https://docs.cloud.google.com/network-connectivity/docs/network-connectivity-center/concepts/overview
56,5,99.9% vs 99.99% topologies and failure domain isolation,days/day-056.html,False,False,False,True,True,False,False,False,False,True,False,https://docs.cloud.google.com/network-connectivity/docs/interconnect/tutorials/dedicated-creating-9999-sla
56,6,Direct Peering vs Carrier Peering,days/day-056.html,False,False,False,True,True,False,False,False,False,True,False,https://docs.cloud.google.com/network-connectivity/docs/direct-peering
57,1,"Cloud Router and BGP (dynamic route advertisement, MED, custom advertisements)",days/day-057.html,False,False,False,True,True,False,False,False,False,True,False,
57,2,Private Google Access for on-premises hosts,days/day-057.html,False,False,False,True,True,False,False,False,False,True,False,
57,3,"Choosing VPN vs Interconnect (bandwidth, latency, cost, SLA, lead time)",days/day-057.html,False,False,False,True,True,False,False,False,False,True,False,
58,1,"Cloud Storage access and location choices, classes, lifecycle, Autoclass, versioning,…",days/day-058.html,False,False,False,True,True,False,False,False,False,True,False,https://docs.cloud.google.com/storage/docs/storage-classes | https://docs.cloud.google.com/storage/docs/soft-delete | https://pages.cs.wisc.edu/~remzi/OSTEP/
58,2,Irreversible retention locking is a design exercise,days/day-058.html,False,False,False,True,True,False,False,False,False,True,False,https://docs.cloud.google.com/storage/docs/bucket-lock | https://docs.cloud.google.com/storage/docs/holding-objects | https://docs.cloud.google.com/storage/docs/retention-policies
59,1,"Transfer choices, checksums/reconciliation, replication and recovery",days/day-059.html,False,False,False,True,True,False,False,False,False,True,False,https://docs.cloud.google.com/storage/docs/storage-classes
59,2,"Compare Storage Transfer Service, Transfer Appliance and BigQuery transfers",days/day-059.html,False,False,False,True,True,False,False,False,False,True,False,https://docs.cloud.google.com/storage/docs/storage-classes
60,1,Filestore/NFS and block/file/object semantics,days/day-060.html,False,False,False,True,True,False,False,False,False,True,False,
60,2,Recognize Parallelstore and NetApp Volumes use cases,days/day-060.html,False,False,False,True,True,False,False,False,False,True,False,https://docs.cloud.google.com/filestore/docs/overview | https://docs.cloud.google.com/parallelstore/docs/overview | https://docs.cloud.google.com/netapp/volumes/docs/overview | https://docs.cloud.google.com/backup-disaster-recovery/docs
61,1,"Cloud SQL connection paths, pooling/limits, maintenance, backup/PITR, regional HA and…",days/day-061.html,False,False,False,True,True,False,False,False,False,True,False,
61,2,Compare AlloyDB compatibility/read pools at selection depth,days/day-061.html,False,False,False,True,True,False,False,False,False,True,False,https://docs.cloud.google.com/sql/docs | https://cloud.google.com/alloydb/docs
62,1,Spanner external consistency and regional/multi-region choices,days/day-062.html,False,False,False,True,True,False,False,False,False,True,False,
62,2,Firestore document/index patterns,days/day-062.html,False,False,False,True,True,False,False,False,False,True,False,
62,3,Bigtable wide-column/row-key/replication patterns,days/day-062.html,False,False,False,True,True,False,False,False,False,True,False,
62,4,"Implement only the selected store, with algorithm depth on Day 145",days/day-062.html,False,False,False,True,True,False,False,False,False,True,False,https://docs.cloud.google.com/spanner/docs/true-time-external-consistency | https://cloud.google.com/firestore/docs/solutions/counters | https://cloud.google.com/bigtable/docs/schema-design
63,1,"Memorystore/cache choices, stale reads and invalidation",days/day-063.html,False,False,False,True,True,False,False,False,False,True,False,https://docs.cloud.google.com/memorystore/docs
63,2,Database Migration Service and Datastream/CDC,days/day-063.html,False,False,False,True,True,False,False,False,False,True,False,https://docs.cloud.google.com/datastream/docs
63,3,CDC correctness returns on Days 76 and 137,days/day-063.html,False,False,False,True,True,False,False,False,False,True,False,https://cloud.google.com/products/databases
64,1,"Cloud Pub/Sub messaging architecture, delivery semantics, and GCP integration stack",days/day-064.html,False,False,False,True,True,False,False,False,False,True,False,https://docs.cloud.google.com/pubsub/docs/exactly-once-delivery | https://docs.cloud.google.com/pubsub/docs/ordering | https://docs.cloud.google.com/pubsub/docs/handling-failures
64,2,"Transactional Outbox pattern, consumer deduplication, crash/ack boundaries, and schema compatibility",days/day-064.html,False,False,False,True,True,False,False,False,False,True,False,https://docs.cloud.google.com/pubsub/docs/schemas | https://docs.cloud.google.com/datastream/docs/overview | https://docs.cloud.google.com/spanner/docs/true-time-external-consistency
65,1,"Integrate a single selected runtime, datastore and message consumer for the retailer",days/day-065.html,False,False,False,True,True,False,False,False,False,True,False,https://cloud.google.com/run/docs/authenticating/service-to-service | https://cloud.google.com/run/docs/configuring/vpc-direct-vpc-egress | https://cloud.google.com/sql/docs/postgres/private-service-connect
65,2,"Preserve request IDs, identities and business invariants",days/day-065.html,False,False,False,True,True,False,False,False,False,True,False,https://cloud.google.com/trace/docs/trace-context | https://docs.cloud.google.com/pubsub/docs/exactly-once-delivery | https://cloud.google.com/sql/docs/postgres/features#transactions
66,1,"Reproduce, diagnose and restore the integrated application",days/day-066.html,False,False,False,True,True,False,False,False,False,True,False,https://docs.cloud.google.com/pubsub/docs/handling-failures#dead_letter_topic | https://docs.cloud.google.com/run/docs/configuring/vpc-direct-vpc | https://docs.cloud.google.com/sql/docs/postgres/configure-private-service-connect | https://cloud.google.com/architecture/framework/reliability
67,1,Prerequisite Review & Remediation,days/day-067.html,False,False,False,True,True,False,False,False,False,True,False,https://services.google.com/fh/files/misc/professional_cloud_architect_exam_guide_english.pdf
67,2,Gate 3 Scoring Rubric,days/day-067.html,False,False,False,True,True,False,False,False,False,True,False,https://services.google.com/fh/files/misc/professional_cloud_architect_exam_guide_english.pdf
68,1,Business Requirements,days/day-068.html,False,False,False,True,True,False,False,False,False,True,False,https://docs.cloud.google.com/architecture/framework
68,2,Technical Requirements,days/day-068.html,False,False,False,True,True,False,False,False,False,True,False,https://docs.cloud.google.com/architecture/framework
68,3,"Functional vs Non-Functional Requirements (the ""-ilities"")",days/day-068.html,False,False,False,True,True,False,False,False,False,True,False,https://docs.cloud.google.com/architecture/framework
68,4,Constraints,days/day-068.html,False,False,False,True,True,False,False,False,False,True,False,https://docs.cloud.google.com/architecture/framework
69,1,"Stakeholder Mapping (CTO, Security, Finance, Operations, Developers)",days/day-069.html,False,False,False,True,True,False,False,False,False,True,False,https://docs.cloud.google.com/architecture/framework
69,2,Questions a Consultant Asks in Discovery,days/day-069.html,False,False,False,True,True,False,False,False,False,True,False,
69,3,"Writing Measurable Requirements (""99.95% monthly availability"", ""p99 latency under 300 ms"")",days/day-069.html,False,False,False,True,True,False,False,False,False,True,False,
69,4,Prioritising with MoSCoW or Weighted Scoring,days/day-069.html,False,False,False,True,True,False,False,False,False,True,False,
70,1,"1. Operational Excellence: Automation, Telemetry, and Incident Lifecycle",days/day-070.html,False,False,False,True,True,False,False,False,True,True,False,
70,2,"2. Security, Privacy, and Compliance: Zero Trust, CMEK, and Data Protection",days/day-070.html,False,False,False,True,True,False,False,False,True,True,False,
70,3,"3. Reliability: High Availability, Fault Tolerance, and Disaster Recovery",days/day-070.html,False,False,False,True,True,False,False,False,True,True,False,
70,4,"4. Cost Optimization: FinOps Governance, Committed Use Discounts, and Storage Lifecycle",days/day-070.html,False,False,False,True,True,False,False,False,True,True,False,
71,1,"1. Performance Optimization Pillar: Compute Sizing, Storage IOPS, and Network Tiers",days/day-071.html,False,False,False,True,True,False,False,False,True,True,False,
71,2,"2. Sustainability Pillar: Low-Carbon Regions, Carbon-Free Energy, and GreenOps",days/day-071.html,False,False,False,True,True,False,False,False,True,True,False,
71,3,"3. System Design as Cross-Cutting Architectural Discipline: Decoupling, Queuing, and Backpressure",days/day-071.html,False,False,False,True,True,False,False,False,True,True,False,
71,4,"4. How the Pillars Conflict: Trade-off Arbitration, Decision Matrices, and ADRs",days/day-071.html,False,False,False,True,True,False,False,False,True,True,False,
72,1,"1. Three-Tier Web Application: Compute Sizing, Connection Pooling, and Health Probing",days/day-072.html,False,False,False,True,True,False,False,False,True,True,False,
72,2,"2. Static Site and CDN: Cloud Storage Backend Buckets, Cache Keys, and Cache Stampede Prevention",days/day-072.html,False,False,False,True,True,False,False,False,True,True,False,
72,3,3. Microservices on GKE or Cloud Run: Service-to-Service IAM and Zero-Trust mTLS,days/day-072.html,False,False,False,True,True,False,False,False,True,True,False,
72,4,4. Event-Driven Architecture: Pub/Sub Exactly-Once Delivery and Streaming Deduplication,days/day-072.html,False,False,False,True,True,False,False,False,True,True,False,
73,1,"1. Batch vs. Streaming, OLTP vs. OLAP, Data Lakehouse, and Event Time Physics",days/day-073.html,False,False,False,True,True,False,False,False,True,True,False,
73,2,"2. Pipeline Orchestration, Data Mesh, and Dataplex Governance",days/day-073.html,False,False,False,True,True,False,False,False,True,True,False,
74,1,1. Multi-Region Active-Active vs. Active-Passive Architectures,days/day-074.html,False,False,False,True,True,False,False,False,True,True,False,
74,2,"2. Multi-Tenant SaaS Designs: Project, VPC, Namespace, and Row-Level Isolation",days/day-074.html,False,False,False,True,True,False,False,False,True,True,False,
74,3,"3. Landing Zone / Enterprise Foundation: Org Structure, Hub-and-Spoke Networking, and Baselines",days/day-074.html,False,False,False,True,True,False,False,False,True,True,False,
74,4,"4. Architectural Anti-Patterns: Lift-and-Shift, SPOFs, Chatty Cross-Region Calls, and Giant Monoliths",days/day-074.html,False,False,False,True,True,False,False,False,True,True,False,
75,1,"1. The 6 Rs Decision Taxonomy: Rehost, Replatform, Refactor, Repurchase, Retain, Retire",days/day-075.html,False,False,False,True,True,False,False,False,True,True,False,
75,2,"2. Migration Lifecycle Phases: Assess, Plan, Deploy, and Optimize",days/day-075.html,False,False,False,True,True,False,False,False,True,True,False,
75,3,"3. Discovery and Assessment Tools: Migration Center, StratoZone-Style Rightsizing",days/day-075.html,False,False,False,True,True,False,False,False,True,True,False,
75,4,"4. Google Cloud VMware Engine (GCVE): Architecture, HCX Networking, and Trade-offs",days/day-075.html,False,False,False,True,True,False,False,False,True,True,False,
76,1,"1. Cutover Patterns, Strangler Modernization, CDC Tools, and DNS Dependencies",days/day-076.html,False,False,False,True,True,False,False,False,True,True,False,
76,2,"2. Data Reconciliation, Replication Lag, Dual-Write Risks, and Rollback Boundaries",days/day-076.html,False,False,False,True,True,False,False,False,True,True,False,
77,1,"1. Enterprise Licensing Considerations: Windows Server, SQL Server, and Oracle",days/day-077.html,False,False,False,True,True,False,False,False,True,True,False,
77,2,2. Application Dependency Mapping and Wave Planning,days/day-077.html,False,False,False,True,True,False,False,False,True,True,False,
77,3,3. Rollback Planning: Positive Resource Fencing and Reverse CDC Streams,days/day-077.html,False,False,False,True,True,False,False,False,True,True,False,
77,4,"4. The Migration Rehearsal Report: Reconciliation Failures, Rollback Proof, and Acceptance",days/day-077.html,False,False,False,True,True,False,False,False,True,True,False,
78,1,1. Build vs buy vs managed service,days/day-078.html,False,False,False,True,True,False,False,False,True,True,False,
78,2,2. Trade-off matrices with weighted criteria,days/day-078.html,False,False,False,True,True,False,False,False,True,True,False,
79,1,1. Architecture Decision Records (ADRs),days/day-079.html,False,False,False,True,True,False,False,False,True,True,False,
79,2,2. Total cost of ownership (TCO) comparisons,days/day-079.html,False,False,False,True,True,False,False,False,True,True,False,
79,3,"3. Risk registers (likelihood, impact, mitigation)",days/day-079.html,False,False,False,True,True,False,False,False,True,True,False,
80,1,"1. C4 model (context, container, component)",days/day-080.html,False,False,False,True,True,False,False,False,True,True,False,
80,2,"2. Network diagrams with regions, zones, subnets and flows",days/day-080.html,False,False,False,True,True,False,False,False,True,True,False,
80,3,3. Data flow diagrams,days/day-080.html,False,False,False,True,True,False,False,False,True,True,False,
80,4,4. Sequence diagrams for failure scenarios,days/day-080.html,False,False,False,True,True,False,False,False,True,True,False,
81,1,"1. Architecture review, requirement traceability and changed-constraint reasoning",days/day-081.html,False,False,False,True,True,False,False,False,True,True,False,
81,2,2. Defend one target architecture and revise its weakest ADR,days/day-081.html,False,False,False,True,True,False,False,False,True,True,False,
82,1,1. Prerequisite review and remediation,days/day-082.html,False,False,False,True,True,False,False,False,True,True,False,
82,2,2. Use the matching gate criteria in the Gates section,days/day-082.html,False,False,False,True,True,False,False,False,True,True,False,
83,1,1. Availability math: downtime budgets and error allocation,days/day-083.html,False,False,False,True,True,False,False,False,True,True,False,
83,2,2. Series vs parallel availability and compound dependency risk,days/day-083.html,False,False,False,True,True,False,False,False,True,True,False,
83,3,3. Single points of failure: identification and layer-by-layer elimination,days/day-083.html,False,False,False,True,True,False,False,False,True,True,False,
84,1,"1. Failure domains: instance, zone, region, service, dependency, and human error",days/day-084.html,False,False,False,True,True,False,False,False,True,True,False,
84,2,2. HA vs fault tolerance vs disaster recovery vs backup: four distinct operational pillars,days/day-084.html,False,False,False,True,True,False,False,False,True,True,False,
84,3,3. Graceful degradation and load shedding under severe stress,days/day-084.html,False,False,False,True,True,False,False,False,True,True,False,
85,1,"1. Timeout budgets, bounded retries with jitter, idempotency, and circuit breakers",days/day-085.html,False,False,False,True,True,False,False,False,True,True,False,
85,2,2. Distinguishing measured from forecast throughput and Little's Law,days/day-085.html,False,False,False,True,True,False,False,False,True,True,False,
86,1,"1. SLIs, SLOs, SLAs and how they differ",days/day-086.html,False,False,False,True,True,False,False,False,True,True,False,
86,2,2. Error budgets and how they govern release velocity,days/day-086.html,False,False,False,True,True,False,False,False,True,True,False,
86,3,3. Toil and automation: the Google SRE 50% rule,days/day-086.html,False,False,False,True,True,False,False,False,True,True,False,
86,4,"4. The Four Golden Signals: latency, traffic, errors, and saturation",days/day-086.html,False,False,False,True,True,False,False,False,True,True,False,
87,1,"1. Incident management: severity levels, on-call, and incident command",days/day-087.html,False,False,False,True,True,False,False,False,True,True,False,
87,2,2. Blameless post-mortems and systemic action item tracking,days/day-087.html,False,False,False,True,True,False,False,False,True,True,False,
87,3,"3. Capacity planning, load forecasting, and Google Cloud quota management",days/day-087.html,False,False,False,True,True,False,False,False,True,True,False,
88,1,"1. Compute availability: regional MIGs, GKE regional clusters, PDBs, and topology spread",days/day-088.html,False,False,False,True,True,False,False,False,True,True,False,
88,2,"2. Network availability: redundant HA VPN, 99.99% Dual-Metro Interconnect, and Anycast ALB",days/day-088.html,False,False,False,True,True,False,False,False,True,True,False,
88,3,"3. Storage availability: Regional Persistent Disks, Dual-Region GCS, and Filestore Enterprise",days/day-088.html,False,False,False,True,True,False,False,False,True,True,False,
88,4,"4. Database availability: Cloud SQL HA, Spanner multi-region, Bigtable, and Memorystore",days/day-088.html,False,False,False,True,True,False,False,False,True,True,False,
89,1,1. **Messaging,days/day-089.html,False,False,False,True,True,False,False,False,True,True,False,
89,2,2. **DNS,days/day-089.html,False,False,False,True,True,False,False,False,True,True,False,
89,3,3. **Application,days/day-089.html,False,False,False,True,True,False,False,False,True,True,False,
90,1,1. RTO and RPO definitions and how business impact analysis produces them,days/day-090.html,False,False,False,True,True,False,False,False,True,True,False,
90,2,2. DR patterns,days/day-090.html,False,False,False,True,True,False,False,False,True,True,False,
90,3,3. Cost vs RTO/RPO trade-off for each pattern,days/day-090.html,False,False,False,True,True,False,False,False,True,True,False,
91,1,"1. Cold, warm and hot DR sites in hybrid setups",days/day-091.html,False,False,False,True,True,False,False,False,True,True,False,
91,2,2. Backup strategies,days/day-091.html,False,False,False,True,True,False,False,False,True,True,False,
91,3,3. Backup and DR Service,days/day-091.html,False,False,False,True,True,False,False,False,True,True,False,
91,4,4. Data replication,days/day-091.html,False,False,False,True,True,False,False,False,True,True,False,
92,1,"1. Failover and failback procedures, DNS TTL considerations",days/day-092.html,False,False,False,True,True,False,False,False,True,True,False,
92,2,2. DR testing,days/day-092.html,False,False,False,True,True,False,False,False,True,True,False,
92,3,3. Verify quota scope and available failover capacity,days/day-092.html,False,False,False,True,True,False,False,False,True,True,False,
92,4,4. Rate-limiting and graceful degradation during regional brownouts,days/day-092.html,False,False,False,True,True,False,False,False,True,True,False,
92,5,5. Runbooks and playbooks,days/day-092.html,False,False,False,True,True,False,False,False,True,True,False,
93,1,1. Cloud Monitoring,days/day-093.html,False,False,False,True,True,False,False,False,True,True,False,
93,2,2. Alerting policies,days/day-093.html,False,False,False,True,True,False,False,False,True,True,False,
93,3,3. Uptime checks and synthetic monitoring,days/day-093.html,False,False,False,True,True,False,False,False,True,True,False,
94,1,"1. Cloud Logging: Log Router, Sinks, Exclusions, and Log Analytics",days/day-094.html,False,False,False,True,True,False,False,False,True,True,False,
94,2,"2. Cloud Trace, Cloud Profiler, and Error Reporting",days/day-094.html,False,False,False,True,True,False,False,False,True,True,False,
94,3,3. OpenTelemetry Instrumentation and W3C Context Propagation,days/day-094.html,False,False,False,True,True,False,False,False,True,True,False,
95,1,"1. Ops Agent on Compute Engine: Architecture, Metrics, and Fleet Automation",days/day-095.html,False,False,False,True,True,False,False,False,True,True,False,
95,2,2. Centralized Logging Design Across Projects and Organization-Level Aggregated Sinks,days/day-095.html,False,False,False,True,True,False,False,False,True,True,False,
95,3,"3. Cloud Audit Log Types: Admin Activity, Data Access, System Events, and Policy Denied",days/day-095.html,False,False,False,True,True,False,False,False,True,True,False,
96,1,"1. Load and Stress Testing: Saturation Curves, Concurrency, and k6 Automation",days/day-096.html,False,False,False,True,True,False,False,False,True,True,False,
96,2,2. Chaos Engineering and Fault Injection: Zonal Blackholes and Service Mesh Latency,days/day-096.html,False,False,False,True,True,False,False,False,True,True,False,
96,3,"3. Canary and Blue/Green Deployments: Cloud Deploy, Traffic Director, and Rollback Gates",days/day-096.html,False,False,False,True,True,False,False,False,True,True,False,
96,4,4. Game Days and Disaster Recovery Drills: Operational Rehearsals and Invariant Defense,days/day-096.html,False,False,False,True,True,False,False,False,True,True,False,
97,1,1. Performance Baselines and Statistical Regression Analysis,days/day-097.html,False,False,False,True,True,False,False,False,True,True,False,
97,2,2. Bounded Service Failure: MIG Autohealing and Controlled Degradation,days/day-097.html,False,False,False,True,True,False,False,False,True,True,False,
97,3,"3. Zonal Failure Tabletop Modeling, Distributed Traces, and Simulation Boundaries",days/day-097.html,False,False,False,True,True,False,False,False,True,True,False,
98,1,1. Recovery Acceptance Criteria After Backup Restore or Replica Promotion,days/day-098.html,False,False,False,True,True,False,False,False,True,True,False,
98,2,"2. Verifying Data Invariants, Recovery Time (RTO), and Data Loss (RPO)",days/day-098.html,False,False,False,True,True,False,False,False,True,True,False,
98,3,3. Executing One Representative Recovery Path and Comparing Alternatives,days/day-098.html,False,False,False,True,True,False,False,False,True,True,False,
99,1,"1. Least Privilege, Separation of Duties, and Need-to-Know",days/day-099.html,False,False,False,True,True,False,False,False,True,True,False,
99,2,2. Predefined Roles vs Custom Roles: Maintenance Trade-offs and Curation,days/day-099.html,False,False,False,True,True,False,False,False,True,True,False,
99,3,3. IAM Recommender for Right-Sizing Permissions and Policy Intelligence,days/day-099.html,False,False,False,True,True,False,False,False,True,True,False,
99,4,"4. IAM Conditions: Time, Resource, and Attribute-Based Access Control",days/day-099.html,False,False,False,True,True,False,False,False,True,True,False,
99,5,5. IAM Deny Policies and Principal Access Boundaries,days/day-099.html,False,False,False,True,True,False,False,False,True,True,False,
100,1,1. Organization Policy Constraints: Establishing Negative Architectural Guardrails,days/day-100.html,False,False,False,True,True,False,False,False,True,True,False,
100,2,"2. Service Account Best Practices: Workload Isolation, Short-Lived Tokens, and Impersonation",days/day-100.html,False,False,False,True,True,False,False,False,True,True,False,
100,3,3. Workload Identity Federation: Eliminating Static Keys for External Workloads,days/day-100.html,False,False,False,True,True,False,False,False,True,True,False,
101,1,1. Workforce Identity Federation (external IdPs for employees),days/day-101.html,False,False,False,True,True,False,False,False,True,True,False,
101,2,2. Cloud Identity,days/day-101.html,False,False,False,True,True,False,False,False,True,True,False,
101,3,3. Identity-Aware Proxy (IAP) for zero-trust access to apps and TCP forwarding to VMs,days/day-101.html,False,False,False,True,True,False,False,False,True,True,False,
102,1,1. BeyondCorp / zero trust model,days/day-102.html,False,False,False,True,True,False,False,False,True,True,False,
102,2,2. Privileged Access Manager (just-in-time elevation),days/day-102.html,False,False,False,True,True,False,False,False,True,True,False,
102,3,3. Break-glass accounts,days/day-102.html,False,False,False,True,True,False,False,False,True,True,False,
102,4,4. Access Transparency and Access Approval,days/day-102.html,False,False,False,True,True,False,False,False,True,True,False,
103,1,1. Defence in depth layering,days/day-103.html,False,False,False,True,True,False,False,False,True,True,False,
103,2,2. Firewall design patterns,days/day-103.html,False,False,False,True,True,False,False,False,True,True,False,
103,3,3. Cloud Armor,days/day-103.html,False,False,False,True,True,False,False,False,True,True,False,
103,4,4. Private connectivity,days/day-103.html,False,False,False,True,True,False,False,False,True,True,False,
104,1,1. VPC Service Controls,days/day-104.html,False,False,False,True,True,False,False,False,True,True,False,
104,2,2. Cloud NGFW and Cloud IDS (intrusion detection),days/day-104.html,False,False,False,True,True,False,False,False,True,True,False,
104,3,3. Secure Web Proxy,days/day-104.html,False,False,False,True,True,False,False,False,True,True,False,
105,1,"1. TLS everywhere: managed certificates, mTLS, Certificate Authority Service",days/day-105.html,False,False,False,True,True,False,False,False,True,True,False,
105,2,"2. Secure hybrid connectivity: MACsec for Interconnect, HA VPN encryption",days/day-105.html,False,False,False,True,True,False,False,False,True,True,False,
105,3,3. Bastion patterns vs IAP TCP forwarding,days/day-105.html,False,False,False,True,True,False,False,False,True,True,False,
105,4,"4. DNS security (DNSSEC, DNS logging)",days/day-105.html,False,False,False,True,True,False,False,False,True,True,False,
106,1,"1. Data classification (public, internal, confidential, restricted)",days/day-106.html,False,False,False,True,True,False,False,False,True,True,False,
106,2,"2. Encryption at rest (default Google-managed), CMEK (Cloud KMS), CSEK, external key manager…",days/day-106.html,False,False,False,True,True,False,False,False,True,True,False,
106,3,3. Encryption in transit and application-layer encryption,days/day-106.html,False,False,False,True,True,False,False,False,True,True,False,
106,4,4. Cloud KMS,days/day-106.html,False,False,False,True,True,False,False,False,True,True,False,
107,1,1. Cloud HSM,days/day-107.html,False,False,False,True,True,False,False,False,True,True,False,
107,2,2. Secret Manager,days/day-107.html,False,False,False,True,True,False,False,False,True,True,False,
107,3,3. Sensitive Data Protection (Cloud DLP),days/day-107.html,False,False,False,True,True,False,False,False,True,True,False,
108,1,"1. Confidential computing, resource location constraints, Assured Workloads and data…",days/day-108.html,False,False,False,True,True,False,False,False,True,True,False,
108,2,2. BigQuery enforcement is exercised in the data block on Day 135,days/day-108.html,False,False,False,True,True,False,False,False,True,True,False,
109,1,1. Shared responsibility for compliance (Google's certifications do not make your workload…,days/day-109.html,True,False,False,True,True,False,False,False,True,True,False,
109,2,2. Standards to know at a conceptual level,days/day-109.html,False,False,False,True,True,False,False,False,True,True,False,
109,3,3. Compliance resource centre and compliance reports manager,days/day-109.html,False,False,False,True,True,False,False,False,True,True,False,
110,1,1. Assured Workloads (compliance regimes as guardrails),days/day-110.html,False,False,False,True,True,False,False,False,True,True,False,
110,2,2. Audit logging design,days/day-110.html,False,False,False,True,True,False,False,False,True,True,False,
110,3,3. Policy as code,days/day-110.html,False,False,False,True,True,False,False,False,True,True,False,
110,4,4. Data protection regulations,days/day-110.html,False,False,False,True,True,False,False,False,True,True,False,
111,1,1. PCI-DSS design,days/day-111.html,False,False,False,True,True,False,False,False,True,True,False,
111,2,2. HIPAA design,days/day-111.html,False,False,False,True,True,False,False,False,True,True,False,
111,3,3. Vendor and third-party risk basics,days/day-111.html,False,False,False,True,True,False,False,False,True,True,False,
112,1,"1. Security Command Center (Standard vs Premium vs Enterprise): findings, misconfiguration detection, threat detection, attack path simulation",days/day-112.html,False,False,False,True,True,False,False,False,True,True,False,
112,2,2. Google SecOps (Chronicle SIEM & SOAR architecture),days/day-112.html,False,False,False,True,True,False,False,False,True,True,False,
112,3,3. Mandiant Threat Intelligence integration,days/day-112.html,False,False,False,True,True,False,False,False,True,True,False,
112,4,"4. Event Threat Detection, Container Threat Detection, Web Security Scanner",days/day-112.html,False,False,False,True,True,False,False,False,True,True,False,
112,5,"5. Vulnerability management: OS patch management, Artifact Analysis, GKE security posture",days/day-112.html,False,False,False,True,True,False,False,False,True,True,False,
113,1,"1. Incident response process: detect, contain, eradicate, recover, learn",days/day-113.html,False,False,False,True,True,False,False,False,True,True,False,
113,2,"2. Forensics basics: snapshots, log preservation, evidence handling",days/day-113.html,False,False,False,True,True,False,False,False,True,True,False,
113,3,3. Threat modelling (STRIDE) on your own architecture,days/day-113.html,False,False,False,True,True,False,False,False,True,True,False,
113,4,4. Penetration testing rules on GCP,days/day-113.html,False,False,False,True,True,False,False,False,True,True,False,
114,1,1. Secure SDLC and shift-left security,days/day-114.html,False,False,False,True,True,False,False,False,True,True,False,
114,2,2. Artifact Registry with vulnerability scanning,days/day-114.html,False,False,False,True,True,False,False,False,True,True,False,
114,3,3. Binary Authorization and attestations,days/day-114.html,False,False,False,True,True,False,False,False,True,True,False,
115,1,"1. SLSA levels, software supply chain concepts, SBOMs",days/day-115.html,False,False,False,True,True,False,False,False,True,True,False,
115,2,2. Secrets in CI/CD (never in code or images),days/day-115.html,False,False,False,True,True,False,False,False,True,True,False,
115,3,"3. Container hardening (distroless images, non-root users, read-only filesystems)",days/day-115.html,False,False,False,True,True,False,False,False,True,True,False,
116,1,"1. Integrate controls already studied: no-public-IP access, IAP, private API access, policy guardrails, perimeter dry-run and CMEK rotation. Validate the existing example end to end",days/day-116.html,False,False,False,True,True,False,False,False,True,True,False,
117,1,"1. Consolidate synthetic-data de-identification, aggregate-log design, IAM-change alerts and threat-model evidence from earlier days. Repair one missing control test and prepare the regulated-workload handover",days/day-117.html,False,False,False,True,True,False,False,False,True,True,False,
118,1,1. Prerequisite review and remediation,days/day-118.html,False,False,False,True,True,False,False,False,True,True,False,
118,2,2. Use the matching gate criteria in the Gates section,days/day-118.html,False,False,False,True,True,False,False,False,True,True,False,
119,1,1. FinOps principles,days/day-119.html,False,False,False,True,True,False,False,False,True,True,False,
119,2,2. Showback vs chargeback,days/day-119.html,False,False,False,True,True,False,False,False,True,True,False,
119,3,3. Cost visibility,days/day-119.html,False,False,False,True,True,False,False,False,True,True,False,
119,4,4. Compute savings,days/day-119.html,False,False,False,True,True,False,False,False,True,True,False,
120,1,1. Storage savings,days/day-120.html,False,False,False,True,True,False,False,False,True,True,False,
120,2,2. Network savings,days/day-120.html,False,False,False,True,True,False,False,False,True,True,False,
120,3,3. Database savings,days/day-120.html,False,False,False,True,True,False,False,False,True,True,False,
121,1,"1. Runtime utilization, query scans and capacity cost drivers",days/day-121.html,False,False,False,True,True,False,False,False,False,False,False,
121,2,2. Carbon Footprint reporting boundaries and placement assumptions,days/day-121.html,False,False,False,True,True,False,False,False,False,False,False,
122,1,1. Pricing Calculator: build a full estimate for every design,days/day-122.html,False,False,False,True,True,False,False,False,False,False,False,
122,2,"2. Unit economics: cost per user, transaction and request",days/day-122.html,False,False,False,True,True,False,False,False,False,False,False,
122,3,3. Cost versus reliability trade-off decisions,days/day-122.html,False,False,False,True,True,False,False,False,False,False,False,
123,1,"1. Caching behavior: hit ratio, freshness and hot-key load",days/day-123.html,False,False,False,True,True,False,False,False,True,True,False,
123,2,"2. Diagnose cache value with CPU, memory and I/O evidence",days/day-123.html,False,False,False,True,True,False,False,False,False,False,False,
124,1,"1. Database performance: query plans, indexes, pooling and key design",days/day-124.html,False,False,False,True,True,False,False,False,False,False,False,
124,2,"2. Network performance: placement, tier, protocol and connection reuse",days/day-124.html,False,False,False,True,True,False,False,False,False,False,False,
124,3,"3. Disk performance selection: IOPS, throughput and instance limits",days/day-124.html,False,False,False,True,True,False,False,False,False,False,False,
124,4,"4. Asynchronous processing: queueing, Pub/Sub and burst smoothing",days/day-124.html,False,False,False,True,True,False,False,False,False,False,False,
125,1,1. Profiling with Cloud Profiler and Trace,days/day-125.html,False,False,False,True,True,False,False,False,False,False,False,
125,2,2. Load testing to size systems,days/day-125.html,False,False,False,True,True,False,False,False,False,False,False,
125,3,3. Right-sizing GPUs/TPUs for ML workloads,days/day-125.html,False,False,False,True,True,False,False,False,False,False,False,
126,1,"1. Terraform providers, resources, variables, outputs, modules and plan/apply",days/day-126.html,False,False,False,True,True,False,False,False,True,True,False,
126,2,"2. State, environment boundaries, GCS backend, locking, versioning, access, imports and pinning",days/day-126.html,False,False,False,True,True,False,False,False,False,True,False,
126,3,"3. Drift, recovery and testing handoff to Day 127",days/day-126.html,False,False,False,True,True,False,False,False,False,True,False,
127,1,"1. Terraform state recovery, drift reconciliation, safe import, validation, policy checks and tests",days/day-127.html,False,False,False,True,True,False,False,False,True,True,False,
128,1,"1. Source repositories, change review and branching strategy",days/day-128.html,False,False,False,True,True,False,False,False,False,True,False,
128,2,"2. Cloud Build triggers, build steps, private pools, caching and substitutions",days/day-128.html,False,False,False,True,True,False,False,False,False,True,False,
128,3,"3. Artifact Registry repositories, digest identity, cleanup and dependency proxies",days/day-128.html,False,False,False,True,True,False,False,False,False,True,False,
128,4,"4. Cloud Deploy delivery pipelines, targets, promotion, approvals and rollback",days/day-128.html,False,False,False,True,True,False,False,False,False,True,False,
129,1,"1. Rolling, blue/green, canary and feature-flag release choices",days/day-129.html,False,False,False,True,True,False,False,False,True,True,False,
129,2,"2. Test responsibilities, least-privilege pipeline identity and delivery metrics",days/day-129.html,False,False,False,True,True,False,False,False,True,True,False,
130,1,1. Operating model and service ownership,days/day-130.html,False,False,False,True,True,False,False,False,False,False,False,
130,2,2. Change management and release governance,days/day-130.html,False,False,False,True,True,False,False,False,False,False,False,
130,3,"3. Incident, problem, and change processes",days/day-130.html,False,False,False,True,True,False,False,False,False,False,False,
130,4,4. Runbook automation,days/day-130.html,False,False,False,True,True,False,False,False,False,False,False,
130,5,5. Service catalog and self-service provisioning,days/day-130.html,False,False,False,True,True,False,False,False,False,False,False,
131,1,"1. Resource ownership, tagging, expiry and cleanup",days/day-131.html,False,False,False,True,True,False,False,False,True,True,False,
131,2,"2. Policy guardrails, business continuity and team skills",days/day-131.html,False,False,False,True,True,False,False,False,True,True,False,
132,1,"Customer success, adoption KPIs, support readiness, acceptance, handover and post-launch…",days/day-132.html,False,False,False,True,True,False,False,False,False,False,False,https://cloud.google.com/architecture/framework/operational-excellence
133,1,"Integrate the IaC, release, recovery and cost evidence from Days 119–132",days/day-133.html,False,False,False,True,True,False,False,False,False,False,False,https://cloud.google.com/architecture/framework/reliability
133,2,Prioritize remediation,days/day-133.html,False,False,False,True,True,False,False,False,False,False,False,https://cloud.google.com/vertex-ai/docs/vector-search/overview
134,1,"BigQuery storage/compute separation, datasets, partitions/clusters, batch/stream…",days/day-134.html,False,False,False,True,True,False,False,False,False,False,False,https://cloud.google.com/bigquery/docs/partitioned-tables
134,2,Internal architecture names are recognition-level,days/day-134.html,False,False,False,True,True,False,False,False,False,False,False,https://cloud.google.com/architecture/analytics
135,1,Pricing models,days/day-135.html,False,False,False,True,True,False,False,False,False,False,False,https://cloud.google.com/bigquery/pricing
135,2,Security,days/day-135.html,False,False,False,True,True,False,False,False,False,False,False,https://cloud.google.com/bigquery/docs/column-level-security
135,3,"BigQuery ML, scheduled queries, data transfer service",days/day-135.html,False,False,False,True,True,False,False,False,False,False,False,https://cloud.google.com/bigquery/docs/scheduling-queries
135,4,Looker and Looker Studio for BI,days/day-135.html,False,False,False,True,True,False,False,False,False,False,False,https://cloud.google.com/looker/docs/what-is-lookml
136,1,"Batch versus stream processing, Beam windows/watermarks and late data",days/day-136.html,False,False,False,True,True,False,False,False,False,False,False,https://beam.apache.org/documentation/programming-guide/#windowing
136,2,"Compare Dataflow, Dataproc/Spark, Composer, Data Fusion, Dataform and Workflows by…",days/day-136.html,False,False,False,True,True,False,False,False,False,False,False,https://cloud.google.com/looker/docs/what-is-lookml
136,3,"Managed engine deployments are alternatives, not cumulative lab requirements",days/day-136.html,False,False,False,True,True,False,False,False,False,False,False,https://cloud.google.com/dataflow/docs/guides/overview
137,1,Pub/Sub to Dataflow to BigQuery streaming pattern,days/day-137.html,False,False,False,True,True,False,False,False,False,False,False,https://cloud.google.com/looker/docs/what-is-lookml
137,2,Datastream for real-time change data capture (CDC),days/day-137.html,False,False,False,True,True,False,False,False,False,False,False,https://cloud.google.com/datastream/docs/overview
137,3,"Event-driven stream processing, exactly-once processing guarantees, and dead-letter queues",days/day-137.html,False,False,False,True,True,False,False,False,False,False,False,https://cloud.google.com/pubsub/docs/dead-letter-topics
137,4,Lab,days/day-137.html,False,False,False,True,True,False,False,False,False,False,False,https://cloud.google.com/architecture/framework/reliability
138,1,"Cloud Storage as data lake foundation (raw, curated, consumption zones)",days/day-138.html,False,False,False,True,True,False,False,False,False,False,False,https://cloud.google.com/storage/docs/data-lakes
138,2,File formats,days/day-138.html,False,False,False,True,True,False,False,False,False,False,False,https://parquet.apache.org/docs/overview/
138,3,"Lakehouse architecture with BigLake and open table formats (Apache Iceberg, Delta Lake, Hudi)",days/day-138.html,False,False,False,True,True,False,False,False,False,False,False,https://cloud.google.com/looker/docs/what-is-lookml
138,4,Object table metadata,days/day-138.html,False,False,False,True,True,False,False,False,False,False,False,https://cloud.google.com/bigquery/docs/object-table-introduction
139,1,Knowledge Catalog and legacy Dataplex terminology: distinguish current catalog/discovery…,days/day-139.html,False,False,False,True,True,False,False,False,False,False,False,https://cloud.google.com/looker/docs/what-is-lookml
139,2,Data profiling and quality tasks,days/day-139.html,False,False,False,True,True,False,False,False,False,False,False,https://cloud.google.com/dataplex/docs/catalog
139,3,Data lineage tracking across BigQuery and Dataflow,days/day-139.html,False,False,False,True,True,False,False,False,False,False,False,https://cloud.google.com/looker/docs/what-is-lookml
139,4,"Policy tags, fine-grained access control (column/row-level security)",days/day-139.html,False,False,False,True,True,False,False,False,False,False,False,https://cloud.google.com/bigquery/docs/column-level-security
139,5,Data mesh contracts,days/day-139.html,False,False,False,True,True,False,False,False,False,False,False,https://cloud.google.com/architecture/data-mesh
140,1,"Training versus inference, labels/features, model registry/version, endpoints and pipelines",days/day-140.html,False,False,False,True,True,False,False,False,False,False,False,https://cloud.google.com/vertex-ai/docs/start/introduction-unified-platform
140,2,Introduce drift and MLOps evaluation,days/day-140.html,False,False,False,True,True,False,False,False,False,False,False,https://cloud.google.com/vertex-ai/docs/evaluation/overview
141,1,A single RAG request path,days/day-141.html,False,False,False,True,True,False,False,False,False,False,False,https://cloud.google.com/vertex-ai/generative-ai/docs/use-vertex-ai-rag
141,2,Compare Search/Vector Search alternatives at design depth,days/day-141.html,False,False,False,True,True,False,False,False,False,False,False,https://cloud.google.com/dataflow/docs/guides/overview
142,1,"Workflow versus agent, function/tool execution, tool identity, human approval and bounded…",days/day-142.html,False,False,False,True,True,False,False,False,False,False,False,https://cloud.google.com/agent-builder
142,2,"Recognize ReAct, multi-agent and LangChain/LlamaIndex alternatives without requiring…",days/day-142.html,False,False,False,True,True,False,False,False,False,False,False,https://cloud.google.com/agent-builder
143,1,"Model Armor, prompt/response sanitization, groundedness/quality/safety evaluation and…",days/day-143.html,False,False,False,True,True,False,False,False,False,False,False,https://cloud.google.com/security/products/model-armor
143,2,Separate application-enforced permissions from model behavior and document residual risks,days/day-143.html,False,False,False,True,True,False,False,False,False,False,False,https://cloud.google.com/vertex-ai/generative-ai/docs/learn/responsible-ai
144,1,"AI Hypercomputer compute/storage/network integration, managed versus self-managed serving,…",days/day-144.html,False,False,False,True,True,False,False,False,False,False,False,https://cloud.google.com/vertex-ai/docs/predictions/online-predictions
145,1,"CAP/PACELC trade-offs, public Spanner/TrueTime consistency behavior,…",days/day-145.html,False,False,False,True,True,False,False,False,False,False,False,https://cloud.google.com/spanner/docs/true-time-external-consistency
146,1,The 6-step discovery method,days/day-146.html,False,False,False,True,True,False,False,False,False,False,False,https://cloud.google.com/architecture/framework
146,2,Mountkirk/TerramEarth/HRL are retired legacy cases,days/day-146.html,False,False,False,True,True,False,False,False,False,False,False,https://cloud.google.com/architecture/framework/reliability
147,1,"Underline every number (users, RPS, TB, latency, RTO/RPO, budget)",days/day-147.html,False,False,False,True,True,False,False,False,False,False,False,https://cloud.google.com/architecture/framework/reliability
147,2,"Underline every adjective that hides a requirement (""global"", ""regulated"", ""spiky"",…",days/day-147.html,False,False,False,True,True,False,False,False,False,False,False,https://cloud.google.com/architecture/framework/reliability
147,3,Separate stated needs from implied needs,days/day-147.html,False,False,False,True,True,False,False,False,False,False,False,https://cloud.google.com/architecture/framework/reliability
148,1,Map each requirement to a GCP capability,days/day-148.html,False,False,False,True,True,False,False,False,False,False,False,https://cloud.google.com/architecture/framework
148,2,"Spot the ""watchpoints"" (conflicting requirements, hidden compliance needs, skill gaps)",days/day-148.html,False,False,False,True,True,False,False,False,False,False,False,https://cloud.google.com/architecture/framework
148,3,Note what is explicitly out of scope,days/day-148.html,False,False,False,True,True,False,False,False,False,False,False,https://cloud.google.com/architecture/framework
149,1,What is the business driver for this project?,days/day-149.html,False,False,False,True,True,False,False,False,False,False,False,https://cloud.google.com/architecture/framework/reliability
149,2,"What are the availability, RTO and RPO targets, and what does an hour of downtime cost?",days/day-149.html,False,False,False,True,True,False,False,False,False,False,False,https://cloud.google.com/architecture/framework/reliability
149,3,"What are peak and average load, and how spiky is it?",days/day-149.html,False,False,False,True,True,False,False,False,False,False,False,https://cloud.google.com/architecture/framework/reliability
150,1,"Where are users, and where must data legally reside?",days/day-150.html,False,False,False,True,True,False,False,False,False,False,False,https://cloud.google.com/architecture/framework/reliability
150,2,What regulations and audits apply?,days/day-150.html,False,False,False,True,True,False,False,False,False,False,False,https://cloud.google.com/security/compliance
150,3,What existing systems must we integrate with?,days/day-150.html,False,False,False,True,True,False,False,False,False,False,False,https://cloud.google.com/security/compliance
150,4,What skills does the team have?,days/day-150.html,False,False,False,True,True,False,False,False,False,False,False,https://cloud.google.com/security/compliance
151,1,What is the budget and the timeline?,days/day-151.html,False,False,False,True,True,False,False,False,False,False,False,https://cloud.google.com/architecture/framework/reliability
151,2,What are the biggest risks as the customer sees them?,days/day-151.html,False,False,False,True,True,False,False,False,False,False,False,https://cloud.google.com/architecture/framework/cost-optimization
151,3,How will success be measured?,days/day-151.html,False,False,False,True,True,False,False,False,False,False,False,https://cloud.google.com/healthcare
152,1,Read the current EHR case through the official exam guide,days/day-152.html,False,False,False,True,True,False,False,False,False,False,False,https://cloud.google.com/architecture/framework
152,2,Evaluate migration and recovery constraints before selecting services,days/day-152.html,False,False,False,True,True,False,False,False,False,False,False,https://cloud.google.com/healthcare
153,1,1. Compare the candidate architecture against the EHR fact register,days/day-153.html,False,False,False,True,True,False,False,False,False,False,False,
154,1,1. Read the official case and extract requirements,days/day-154.html,False,False,False,True,True,False,False,False,False,False,False,
154,2,2. Separate content AI capabilities from control and operating requirements,days/day-154.html,False,False,False,True,True,False,False,False,False,False,False,
155,1,1. Compare designs for AI-assisted discovery and support,days/day-155.html,False,False,False,True,True,False,False,False,False,False,False,
155,2,"2. Auditability, hybrid operations, CI/CD and cost are part of the AI design",days/day-155.html,False,False,False,True,True,False,False,False,False,False,False,
156,1,1. Read the official Cymbal Retail case,days/day-156.html,False,False,False,True,True,False,False,False,False,False,False,
156,2,"2. Capture supplier integration, generated content, discovery and human review",days/day-156.html,False,False,False,True,True,False,False,False,False,False,False,
157,1,"1. Compare secure modernization of legacy files, ETL, databases and containers",days/day-157.html,False,False,False,True,True,False,False,False,False,False,False,
157,2,"2. Justify each database, approval, observability and cost choice",days/day-157.html,False,False,False,True,True,False,False,False,False,False,False,
158,1,1. Read the official KnightMotives case,days/day-158.html,False,False,False,True,True,False,False,False,False,False,False,
158,2,"2. Identify ordering, dealer, legacy-system, connectivity, AI, privacy and skills constraints",days/day-158.html,False,False,False,True,True,False,False,False,False,False,False,
159,1,"1. Compare hybrid modernization, dealer tooling, protected data and AI options",days/day-159.html,False,False,False,True,True,False,False,False,False,False,False,
159,2,"2. Justify telemetry and simulation services as options, not the whole case",days/day-159.html,False,False,False,True,True,False,False,False,False,False,False,
160,1,"1. Review the four case packages for traceability, cost and failure behavior",days/day-160.html,False,False,False,True,True,False,False,False,False,False,False,
161,1,1. Choose one fictional scenario and defend it under a changed constraint,days/day-161.html,False,False,False,True,True,False,False,False,False,False,False,
162,1,1. Read the current standard-exam guide and distinguish renewal scope,days/day-162.html,False,False,False,True,True,False,False,False,False,False,False,
162,2,2. Record why sample-question answers fail the stated requirements,days/day-162.html,False,False,False,True,True,False,False,False,False,False,False,
163,1,"1. Build flash cards for service limits, decision rules and SLAs",days/day-163.html,False,False,False,True,True,False,False,False,False,False,False,
163,2,2. Practise elimination,days/day-163.html,False,False,False,True,True,False,False,False,False,False,False,
163,3,3. Watch for keywords without treating them as automatic answers,days/day-163.html,False,False,False,True,True,False,False,False,False,False,False,
163,4,4. Time management drills for a long exam,days/day-163.html,False,False,False,True,True,False,False,False,False,False,False,
164,1,1. Remediate the weakest domain and verify exam scope,days/day-164.html,False,False,False,True,True,False,False,False,False,False,False,
164,2,2. Plan the remaining Days 165–179 before deciding whether to book,days/day-164.html,False,False,False,True,True,False,False,False,False,False,False,
165,1,Multi-project landing zone design,days/day-165.html,False,False,True,True,True,True,True,True,False,False,False,https://docs.cloud.google.com/architecture/landing-zones
165,2,Shared VPC topology across business units,days/day-165.html,False,False,True,True,True,True,True,True,False,False,False,https://docs.cloud.google.com/architecture/landing-zones
165,3,Centralized egress and ingress inspection,days/day-165.html,False,False,True,True,True,True,True,True,False,False,False,https://docs.cloud.google.com/architecture/landing-zones
165,4,Hierarchical Organization Policies and service control guardrails,days/day-165.html,False,False,False,True,True,True,True,True,False,False,False,https://docs.cloud.google.com/architecture/landing-zones
165,5,Tenant isolation and billing boundaries,days/day-165.html,False,False,False,True,True,True,True,True,False,False,False,https://docs.cloud.google.com/architecture/landing-zones
165,6,Connect the service catalog to a project provisioning workflow with approved Terraform…,days/day-165.html,False,False,False,True,True,True,True,True,False,False,False,https://docs.cloud.google.com/architecture/landing-zones
166,1,Application Default Credentials (ADC) resolution order,days/day-166.html,False,False,True,True,True,True,True,True,False,False,False,https://docs.cloud.google.com/docs/authentication/application-default-credentials
166,2,"Workload Identity Federation (WIF) with AWS, Azure, GitHub Actions, and on-premises Kubernetes",days/day-166.html,False,False,False,True,True,True,True,True,False,False,False,https://docs.cloud.google.com/docs/authentication/application-default-credentials
166,3,Service account impersonation vs long-lived keys,days/day-166.html,False,False,False,True,True,True,True,True,False,False,False,https://docs.cloud.google.com/docs/authentication/application-default-credentials
166,4,"Short-lived access tokens, downscoping tokens, and service-to-service mTLS",days/day-166.html,False,False,False,True,True,True,True,True,False,False,False,https://docs.cloud.google.com/docs/authentication/application-default-credentials
167,1,Apigee X architecture,days/day-167.html,False,False,False,True,True,True,True,True,False,False,False,https://docs.cloud.google.com/apigee/docs
167,2,Cloud Endpoints and API Gateway,days/day-167.html,False,False,False,True,True,True,True,True,False,False,False,https://docs.cloud.google.com/api-gateway/docs
167,3,GRPC and Protocol Buffers for low-latency internal microservices,days/day-167.html,False,False,False,True,True,True,True,True,False,False,False,https://docs.cloud.google.com/api-gateway/docs
167,4,"API versioning, backward compatibility, and contract testing",days/day-167.html,False,False,False,True,True,True,True,True,False,False,False,https://docs.cloud.google.com/api-gateway/docs
168,1,Carbon Footprint dashboard,days/day-168.html,False,False,True,True,True,True,True,True,False,False,False,https://docs.cloud.google.com/carbon-footprint/docs
168,2,Low-carbon region selection and carbon-free energy percentages (CFE%),days/day-168.html,False,False,True,True,True,True,True,True,False,False,False,https://docs.cloud.google.com/carbon-footprint/docs
168,3,Carbon-aware batch and workload scheduling,days/day-168.html,False,False,True,True,True,True,True,True,False,False,False,https://docs.cloud.google.com/carbon-footprint/docs
168,4,Gemini Cloud Assist for AIOps,days/day-168.html,False,False,False,True,True,True,True,True,False,False,False,https://docs.cloud.google.com/cloud-assist/overview
169,1,"Service-specific quota scopes, shared allocation policy and reservations",days/day-169.html,False,False,False,True,True,True,True,True,False,False,False,https://docs.cloud.google.com/compute/docs/instances/reservations-overview
169,2,Verify available capacity in each failover region,days/day-169.html,False,False,True,True,True,True,True,True,False,False,False,https://docs.cloud.google.com/docs/quotas/overview
169,3,Rate limiting and adaptive concurrency limits,days/day-169.html,False,False,True,True,True,True,True,True,False,False,False,https://docs.cloud.google.com/docs/quotas/overview
169,4,Graceful degradation under saturation,days/day-169.html,False,False,True,True,True,True,True,True,False,False,False,https://docs.cloud.google.com/docs/quotas/overview
169,5,Service-level quota monitoring and automated quota alerts,days/day-169.html,False,False,False,True,True,True,True,True,False,False,False,https://docs.cloud.google.com/docs/quotas/overview
170,1,Synthesis,days/day-170.html,False,False,False,True,True,True,True,True,False,False,False,https://cloud.google.com/products/compute
170,2,Database selection tree,days/day-170.html,False,False,False,True,True,True,True,True,False,False,False,https://cloud.google.com/products/databases
170,3,Multi-tenant vs single-tenant database partitioning,days/day-170.html,False,False,False,True,True,True,True,True,False,False,False,https://cloud.google.com/products/databases
171,1,Synthesis,days/day-171.html,False,False,False,True,True,True,True,True,False,False,False,https://docs.cloud.google.com/load-balancing/docs/choosing-load-balancer
171,2,Hybrid connectivity decision tree,days/day-171.html,False,False,False,True,True,True,True,True,False,False,False,https://docs.cloud.google.com/load-balancing/docs/choosing-load-balancer
171,3,Private Service Connect (PSC) vs VPC Peering vs Private Services Access (PSA),days/day-171.html,False,False,False,True,True,True,True,True,False,False,False,https://docs.cloud.google.com/load-balancing/docs/choosing-load-balancer
172,1,"Compare object/file/block storage and Pub/Sub/Kafka/Tasks/Eventarc with retention,…",days/day-172.html,False,False,False,True,True,True,True,True,False,False,False,https://docs.cloud.google.com/storage/docs/storage-classes
173,1,Consulting communication,days/day-173.html,False,False,True,True,True,True,True,True,False,False,False,https://sre.google/workbook/table-of-contents/
173,2,Architecture Decision Records (ADRs),days/day-173.html,False,False,True,True,True,True,True,True,False,False,False,https://docs.cloud.google.com/architecture/framework
173,3,Deliverable catalog,days/day-173.html,False,False,False,True,True,True,True,True,False,False,False,https://cloud.google.com/learn/certification/cloud-architect
173,4,Customer handover,days/day-173.html,False,False,False,True,True,True,True,True,False,False,False,https://cloud.google.com/learn/certification/cloud-architect
173,5,"Consolidate operating rules, lab evidence and progress tracking for the final checkpoint",days/day-173.html,False,False,True,True,True,True,True,True,False,False,False,https://cloud.google.com/learn/certification/cloud-architect
174,1,Prerequisite review and remediation,days/day-174.html,False,False,False,True,True,False,True,True,False,False,False,https://cloud.google.com/learn/certification/cloud-architect
174,2,Use the matching gate criteria in the Gates section,days/day-174.html,False,False,False,True,True,False,True,True,False,False,False,https://cloud.google.com/learn/certification/cloud-architect
175,1,Synthesize the existing capstone package and address review findings,days/day-175.html,False,False,False,True,True,False,True,True,False,False,False,https://docs.cloud.google.com/architecture/framework
176,1,Synthesize the existing capstone package and address review findings,days/day-176.html,False,False,False,True,True,False,True,True,False,False,False,https://docs.cloud.google.com/architecture/framework
177,1,Synthesize the existing capstone package and address review findings,days/day-177.html,False,False,False,True,True,False,True,True,False,False,False,https://docs.cloud.google.com/architecture/framework
178,1,Synthesize the existing capstone package and address review findings,days/day-178.html,False,False,False,True,True,False,True,True,False,False,False,https://docs.cloud.google.com/architecture/framework
179,1,Synthesize the existing capstone package and address review findings,days/day-179.html,False,False,False,True,True,False,True,True,False,False,False,https://docs.cloud.google.com/architecture/framework
180,1,"Consolidate existing evidence, logistics and the continuing-learning plan",days/day-180.html,False,False,True,True,True,True,True,True,False,False,False,https://docs.cloud.google.com/architecture/framework
